{"gridDimensions":{"rows":1,"cols":1},"css":".c3-circles circle{\n    opacity: 1 !important;\n}\n","id":"CVJSMXUIUXEBKIYGGFPXIQHKBXIKFLPH","gridData":[{"colors":["hsla(153, 100%, 42%, 0.9)","hsla(195,  99%, 35%, 0.9)"],"axisLabels":["","Activity Impact","Median Full Page Load Time (ms)"],"vizTypes":["scatter","bar"],"gridPosition":[0,0],"config":{"axis_y2_show":true,"point_r":10,"labels":true,"point_focus_expand_r":12,"axis_x_tick_culling_max":0,"axis_y_inverted":true,"axis_y_tick_format":".3f","tooltip_sync":true,"axis_y2_min":0},"dataNames":["Median Full Page Load Time (ms)","Activity Impact"],"groups":[],"toggle":[],"y2Data":["data1"],"data":[["x","Homepage","Solutions","Products","Resources","About","(No Page Group)","Content Form","Why-Akamai","OurCustomers","Privacy-Policies","Services-Support","Locations","Akamai-Free-Trials","Search","Partners","CDN","ContactUs","Full CSS","CloudSecurity","Support"],["data1",3719.0,6251.0,5914.5,7356.0,4916.0,3705.5,3986.0,5810.0,7075.0,3846.5,3766.0,3390.5,3144.0,2347.0,3544.0,3667.0,3483.0,4679.0,4458.0,5725.0],["data2",-0.2519100761849997,-0.13902478503465898,-0.111460331337754,-0.08932353060914731,-0.08841354412453226,-0.040081781435494075,-0.03060205472460533,-0.019251147320105418,-0.010858046396630974,-0.009800657539955055,-0.008322879940918656,-0.008294056535415687,-0.007853372951210129,-0.007018861020680242,-0.0062825125793295675,-0.005474518382931466,-0.0052228685669494035,-0.0052181508472876215,-0.003174779893362626,-0.0024890611282624175]]}]}